{
  "rastrigin": {
    "sigma2_mean": 0.0005933569102628038,
    "sigma2_std": 3.4118408955894086e-05
  },
  "rosenbrock": {
    "sigma2_mean": 0.0006628393693385034,
    "sigma2_std": 5.2343323896220496e-05
  },
  "custom_fn": {
    "sigma2_mean": 0.0006081609994144462,
    "sigma2_std": 2.4506856740241073e-05
  }
}